Fund Name,P1,P2,P3,P4,P5,Topsis Score,Rank
M1,0.93,0.86,6.6,67.3,18.92,0.5005057501869002,4.0
M2,0.78,0.61,5.1,32.8,9.82,0.5177125819219192,3.0
M3,0.72,0.52,7.0,51.1,14.84,0.63907776729318,1.0
M4,0.84,0.71,4.7,49.9,14.04,0.4426990224070286,7.0
M5,0.84,0.71,3.6,32.0,9.29,0.4303843464988259,8.0
M6,0.77,0.59,6.4,53.0,15.19,0.5945009807007987,2.0
M7,0.67,0.45,3.5,64.8,17.36,0.46326344246919426,6.0
M8,0.78,0.61,4.2,33.0,9.65,0.47474317496471397,5.0
