Fund Name,P1,P2,P3,P4,P5,Topsis Score,Rank
M1,0.93,0.86,6.6,67.3,18.92,0.9470859883613493,1.0
M2,0.78,0.61,5.1,32.8,9.82,0.2745662445888106,7.0
M3,0.72,0.52,7.0,51.1,14.84,0.5420686964262598,3.0
M4,0.84,0.71,4.7,49.9,14.04,0.5013522032109771,4.0
M5,0.84,0.71,3.6,32.0,9.29,0.27531149895751555,6.0
M6,0.77,0.59,6.4,53.0,15.19,0.5779501922107178,2.0
M7,0.67,0.45,3.5,64.8,17.36,0.47078376045603176,5.0
M8,0.78,0.61,4.2,33.0,9.65,0.21198609036476734,8.0
